index,ds,y
0,2018-01-01,133
1,2018-01-02,99
2,2018-01-03,127
3,2018-01-04,145
4,2018-01-05,149
5,2018-01-06,149
6,2018-01-07,92
7,2018-01-08,119
8,2018-01-09,114
9,2018-01-10,103
10,2018-01-11,139
11,2018-01-12,126
12,2018-01-13,170
13,2018-01-14,92
14,2018-01-15,121
15,2018-01-16,116
16,2018-01-17,122
17,2018-01-18,122
18,2018-01-19,139
19,2018-01-20,153
20,2018-01-21,94
21,2018-01-22,96
22,2018-01-23,126
23,2018-01-24,102
24,2018-01-25,126
25,2018-01-26,124
26,2018-01-27,131
27,2018-01-28,111
28,2018-01-29,129
29,2018-01-30,108
30,2018-01-31,117
31,2018-02-01,148
32,2018-02-02,168
33,2018-02-03,173
34,2018-02-04,126
35,2018-02-05,121
36,2018-02-06,113
37,2018-02-07,140
38,2018-02-08,130
39,2018-02-09,154
40,2018-02-10,151
41,2018-02-11,111
42,2018-02-12,127
43,2018-02-13,133
44,2018-02-14,123
45,2018-02-15,120
46,2018-02-16,154
47,2018-02-17,179
48,2018-02-18,107
49,2018-02-19,104
50,2018-02-20,129
51,2018-02-21,136
52,2018-02-22,142
53,2018-02-23,158
54,2018-02-24,185
55,2018-02-25,111
56,2018-02-26,132
57,2018-02-27,129
58,2018-02-28,159
59,2018-03-01,164
60,2018-03-02,203
61,2018-03-03,198
62,2018-03-04,156
63,2018-03-05,150
64,2018-03-06,170
65,2018-03-07,169
66,2018-03-08,166
67,2018-03-09,176
68,2018-03-10,195
69,2018-03-11,133
70,2018-03-12,171
71,2018-03-13,159
72,2018-03-14,162
73,2018-03-15,160
74,2018-03-16,161
75,2018-03-17,188
76,2018-03-18,130
77,2018-03-19,153
78,2018-03-20,157
79,2018-03-21,173
80,2018-03-22,178
81,2018-03-23,178
82,2018-03-24,191
83,2018-03-25,134
84,2018-03-26,148
85,2018-03-27,136
86,2018-03-28,166
87,2018-03-29,181
88,2018-03-30,181
89,2018-03-31,203
90,2018-04-01,134
91,2018-04-02,187
92,2018-04-03,210
93,2018-04-04,229
94,2018-04-05,199
95,2018-04-06,219
96,2018-04-07,244
97,2018-04-08,167
98,2018-04-09,149
99,2018-04-10,183
100,2018-04-11,202
101,2018-04-12,209
102,2018-04-13,210
103,2018-04-14,259
104,2018-04-15,139
105,2018-04-16,155
106,2018-04-17,174
107,2018-04-18,209
108,2018-04-19,196
109,2018-04-20,221
110,2018-04-21,238
111,2018-04-22,144
112,2018-04-23,164
113,2018-04-24,173
114,2018-04-25,204
115,2018-04-26,203
116,2018-04-27,208
117,2018-04-28,230
118,2018-04-29,137
119,2018-04-30,187
120,2018-05-01,183
121,2018-05-02,214
122,2018-05-03,190
123,2018-05-04,247
124,2018-05-05,226
125,2018-05-06,176
126,2018-05-07,195
127,2018-05-08,179
128,2018-05-09,209
129,2018-05-10,232
130,2018-05-11,208
131,2018-05-12,224
132,2018-05-13,157
133,2018-05-14,196
134,2018-05-15,187
135,2018-05-16,190
136,2018-05-17,220
137,2018-05-18,223
138,2018-05-19,255
139,2018-05-20,166
140,2018-05-21,167
141,2018-05-22,198
142,2018-05-23,201
143,2018-05-24,213
144,2018-05-25,250
145,2018-05-26,259
146,2018-05-27,155
147,2018-05-28,194
148,2018-05-29,193
149,2018-05-30,177
150,2018-05-31,214
151,2018-06-01,263
152,2018-06-02,274
153,2018-06-03,176
154,2018-06-04,208
155,2018-06-05,218
156,2018-06-06,186
157,2018-06-07,234
158,2018-06-08,251
159,2018-06-09,256
160,2018-06-10,172
161,2018-06-11,227
162,2018-06-12,217
163,2018-06-13,224
164,2018-06-14,220
165,2018-06-15,244
166,2018-06-16,256
167,2018-06-17,190
168,2018-06-18,199
169,2018-06-19,203
170,2018-06-20,225
171,2018-06-21,245
172,2018-06-22,240
173,2018-06-23,263
174,2018-06-24,188
175,2018-06-25,200
176,2018-06-26,195
177,2018-06-27,226
178,2018-06-28,213
179,2018-06-29,260
180,2018-06-30,266
181,2018-07-01,206
182,2018-07-02,202
183,2018-07-03,198
184,2018-07-04,215
185,2018-07-05,261
186,2018-07-06,253
187,2018-07-07,258
188,2018-07-08,202
189,2018-07-09,230
190,2018-07-10,209
191,2018-07-11,217
192,2018-07-12,264
193,2018-07-13,265
194,2018-07-14,295
195,2018-07-15,197
196,2018-07-16,201
197,2018-07-17,211
198,2018-07-18,243
199,2018-07-19,260
200,2018-07-20,262
201,2018-07-21,275
202,2018-07-22,183
203,2018-07-23,195
204,2018-07-24,205
205,2018-07-25,246
206,2018-07-26,247
207,2018-07-27,258
208,2018-07-28,264
209,2018-07-29,177
210,2018-07-30,200
211,2018-07-31,208
212,2018-08-01,203
213,2018-08-02,214
214,2018-08-03,246
215,2018-08-04,239
216,2018-08-05,188
217,2018-08-06,183
218,2018-08-07,219
219,2018-08-08,190
220,2018-08-09,206
221,2018-08-10,231
222,2018-08-11,250
223,2018-08-12,153
224,2018-08-13,170
225,2018-08-14,212
226,2018-08-15,222
227,2018-08-16,208
228,2018-08-17,233
229,2018-08-18,232
230,2018-08-19,165
231,2018-08-20,185
232,2018-08-21,202
233,2018-08-22,218
234,2018-08-23,237
235,2018-08-24,210
236,2018-08-25,279
237,2018-08-26,175
238,2018-08-27,176
239,2018-08-28,195
240,2018-08-29,217
241,2018-08-30,235
242,2018-08-31,199
243,2018-09-01,227
244,2018-09-02,134
245,2018-09-03,187
246,2018-09-04,169
247,2018-09-05,199
248,2018-09-06,210
249,2018-09-07,196
250,2018-09-08,229
251,2018-09-09,158
252,2018-09-10,191
253,2018-09-11,187
254,2018-09-12,196
255,2018-09-13,203
256,2018-09-14,222
257,2018-09-15,229
258,2018-09-16,136
259,2018-09-17,165
260,2018-09-18,151
261,2018-09-19,203
262,2018-09-20,164
263,2018-09-21,219
264,2018-09-22,235
265,2018-09-23,176
266,2018-09-24,176
267,2018-09-25,175
268,2018-09-26,199
269,2018-09-27,183
270,2018-09-28,216
271,2018-09-29,217
272,2018-09-30,141
273,2018-10-01,159
274,2018-10-02,178
275,2018-10-03,189
276,2018-10-04,203
277,2018-10-05,187
278,2018-10-06,200
279,2018-10-07,150
280,2018-10-08,162
281,2018-10-09,174
282,2018-10-10,185
283,2018-10-11,190
284,2018-10-12,220
285,2018-10-13,198
286,2018-10-14,150
287,2018-10-15,172
288,2018-10-16,153
289,2018-10-17,192
290,2018-10-18,174
291,2018-10-19,210
292,2018-10-20,207
293,2018-10-21,110
294,2018-10-22,163
295,2018-10-23,167
296,2018-10-24,177
297,2018-10-25,174
298,2018-10-26,210
299,2018-10-27,198
300,2018-10-28,136
301,2018-10-29,157
302,2018-10-30,171
303,2018-10-31,181
304,2018-11-01,244
305,2018-11-02,223
306,2018-11-03,226
307,2018-11-04,162
308,2018-11-05,175
309,2018-11-06,173
310,2018-11-07,167
311,2018-11-08,231
312,2018-11-09,226
313,2018-11-10,255
314,2018-11-11,162
315,2018-11-12,163
316,2018-11-13,180
317,2018-11-14,186
318,2018-11-15,200
319,2018-11-16,205
320,2018-11-17,225
321,2018-11-18,158
322,2018-11-19,194
323,2018-11-20,185
324,2018-11-21,203
325,2018-11-22,189
326,2018-11-23,225
327,2018-11-24,236
328,2018-11-25,174
329,2018-11-26,184
330,2018-11-27,181
331,2018-11-28,205
332,2018-11-29,196
333,2018-11-30,225
334,2018-12-01,181
335,2018-12-02,104
336,2018-12-03,144
337,2018-12-04,143
338,2018-12-05,157
339,2018-12-06,155
340,2018-12-07,156
341,2018-12-08,157
342,2018-12-09,84
343,2018-12-10,129
344,2018-12-11,129
345,2018-12-12,110
346,2018-12-13,155
347,2018-12-14,160
348,2018-12-15,147
349,2018-12-16,113
350,2018-12-17,129
351,2018-12-18,141
352,2018-12-19,128
353,2018-12-20,159
354,2018-12-21,159
355,2018-12-22,155
356,2018-12-23,102
357,2018-12-24,132
358,2018-12-25,124
359,2018-12-26,127
360,2018-12-27,168
361,2018-12-28,156
362,2018-12-29,168
363,2018-12-30,106
364,2018-12-31,131
365,2019-01-01,109
366,2019-01-02,128
367,2019-01-03,146
368,2019-01-04,155
369,2019-01-05,179
370,2019-01-06,135
371,2019-01-07,106
372,2019-01-08,131
373,2019-01-09,127
374,2019-01-10,151
375,2019-01-11,159
376,2019-01-12,163
377,2019-01-13,97
378,2019-01-14,137
379,2019-01-15,127
380,2019-01-16,157
381,2019-01-17,149
382,2019-01-18,145
383,2019-01-19,169
384,2019-01-20,105
385,2019-01-21,103
386,2019-01-22,132
387,2019-01-23,140
388,2019-01-24,180
389,2019-01-25,173
390,2019-01-26,163
391,2019-01-27,107
392,2019-01-28,110
393,2019-01-29,130
394,2019-01-30,157
395,2019-01-31,153
396,2019-02-01,171
397,2019-02-02,163
398,2019-02-03,113
399,2019-02-04,147
400,2019-02-05,168
401,2019-02-06,175
402,2019-02-07,165
403,2019-02-08,178
404,2019-02-09,184
405,2019-02-10,121
406,2019-02-11,132
407,2019-02-12,126
408,2019-02-13,139
409,2019-02-14,169
410,2019-02-15,164
411,2019-02-16,193
412,2019-02-17,106
413,2019-02-18,144
414,2019-02-19,145
415,2019-02-20,161
416,2019-02-21,191
417,2019-02-22,175
418,2019-02-23,183
419,2019-02-24,131
420,2019-02-25,155
421,2019-02-26,180
422,2019-02-27,137
423,2019-02-28,175
424,2019-03-01,199
425,2019-03-02,217
426,2019-03-03,169
427,2019-03-04,166
428,2019-03-05,210
429,2019-03-06,185
430,2019-03-07,174
431,2019-03-08,202
432,2019-03-09,205
433,2019-03-10,149
434,2019-03-11,195
435,2019-03-12,188
436,2019-03-13,185
437,2019-03-14,180
438,2019-03-15,213
439,2019-03-16,235
440,2019-03-17,151
441,2019-03-18,160
442,2019-03-19,180
443,2019-03-20,179
444,2019-03-21,199
445,2019-03-22,237
446,2019-03-23,235
447,2019-03-24,147
448,2019-03-25,176
449,2019-03-26,208
450,2019-03-27,144
451,2019-03-28,193
452,2019-03-29,213
453,2019-03-30,234
454,2019-03-31,132
455,2019-04-01,216
456,2019-04-02,185
457,2019-04-03,195
458,2019-04-04,228
459,2019-04-05,263
460,2019-04-06,281
461,2019-04-07,149
462,2019-04-08,224
463,2019-04-09,194
464,2019-04-10,226
465,2019-04-11,216
466,2019-04-12,235
467,2019-04-13,258
468,2019-04-14,176
469,2019-04-15,186
470,2019-04-16,189
471,2019-04-17,213
472,2019-04-18,236
473,2019-04-19,259
474,2019-04-20,264
475,2019-04-21,178
476,2019-04-22,201
477,2019-04-23,227
478,2019-04-24,247
479,2019-04-25,241
480,2019-04-26,221
481,2019-04-27,264
482,2019-04-28,161
483,2019-04-29,224
484,2019-04-30,195
485,2019-05-01,232
486,2019-05-02,253
487,2019-05-03,250
488,2019-05-04,282
489,2019-05-05,192
490,2019-05-06,246
491,2019-05-07,195
492,2019-05-08,228
493,2019-05-09,257
494,2019-05-10,242
495,2019-05-11,285
496,2019-05-12,179
497,2019-05-13,219
498,2019-05-14,239
499,2019-05-15,258
500,2019-05-16,242
501,2019-05-17,279
502,2019-05-18,260
503,2019-05-19,194
504,2019-05-20,227
505,2019-05-21,213
506,2019-05-22,234
507,2019-05-23,244
508,2019-05-24,264
509,2019-05-25,278
510,2019-05-26,169
511,2019-05-27,224
512,2019-05-28,220
513,2019-05-29,244
514,2019-05-30,264
515,2019-05-31,257
516,2019-06-01,326
517,2019-06-02,165
518,2019-06-03,238
519,2019-06-04,245
520,2019-06-05,243
521,2019-06-06,264
522,2019-06-07,304
523,2019-06-08,299
524,2019-06-09,217
525,2019-06-10,265
526,2019-06-11,263
527,2019-06-12,260
528,2019-06-13,277
529,2019-06-14,312
530,2019-06-15,325
531,2019-06-16,215
532,2019-06-17,263
533,2019-06-18,237
534,2019-06-19,274
535,2019-06-20,277
536,2019-06-21,301
537,2019-06-22,314
538,2019-06-23,200
539,2019-06-24,238
540,2019-06-25,239
541,2019-06-26,263
542,2019-06-27,269
543,2019-06-28,308
544,2019-06-29,297
545,2019-06-30,190
546,2019-07-01,216
547,2019-07-02,242
548,2019-07-03,261
549,2019-07-04,289
550,2019-07-05,318
551,2019-07-06,321
552,2019-07-07,204
553,2019-07-08,226
554,2019-07-09,243
555,2019-07-10,255
556,2019-07-11,267
557,2019-07-12,316
558,2019-07-13,314
559,2019-07-14,241
560,2019-07-15,234
561,2019-07-16,264
562,2019-07-17,273
563,2019-07-18,304
564,2019-07-19,290
565,2019-07-20,338
566,2019-07-21,236
567,2019-07-22,312
568,2019-07-23,236
569,2019-07-24,248
570,2019-07-25,319
571,2019-07-26,283
572,2019-07-27,330
573,2019-07-28,238
574,2019-07-29,215
575,2019-07-30,253
576,2019-07-31,244
577,2019-08-01,237
578,2019-08-02,297
579,2019-08-03,279
580,2019-08-04,173
581,2019-08-05,194
582,2019-08-06,245
583,2019-08-07,244
584,2019-08-08,268
585,2019-08-09,267
586,2019-08-10,242
587,2019-08-11,179
588,2019-08-12,195
589,2019-08-13,220
590,2019-08-14,208
591,2019-08-15,261
592,2019-08-16,258
593,2019-08-17,309
594,2019-08-18,187
595,2019-08-19,213
596,2019-08-20,215
597,2019-08-21,197
598,2019-08-22,250
599,2019-08-23,257
600,2019-08-24,303
601,2019-08-25,187
602,2019-08-26,226
603,2019-08-27,246
604,2019-08-28,232
605,2019-08-29,245
606,2019-08-30,265
607,2019-08-31,302
608,2019-09-01,179
609,2019-09-02,194
610,2019-09-03,209
611,2019-09-04,258
612,2019-09-05,244
613,2019-09-06,262
614,2019-09-07,249
615,2019-09-08,173
616,2019-09-09,236
617,2019-09-10,219
618,2019-09-11,219
619,2019-09-12,219
620,2019-09-13,243
621,2019-09-14,259
622,2019-09-15,189
623,2019-09-16,187
624,2019-09-17,231
625,2019-09-18,230
626,2019-09-19,218
627,2019-09-20,269
628,2019-09-21,220
629,2019-09-22,169
630,2019-09-23,176
631,2019-09-24,193
632,2019-09-25,236
633,2019-09-26,258
634,2019-09-27,240
635,2019-09-28,244
636,2019-09-29,170
637,2019-09-30,206
638,2019-10-01,173
639,2019-10-02,203
640,2019-10-03,240
641,2019-10-04,228
642,2019-10-05,256
643,2019-10-06,140
644,2019-10-07,196
645,2019-10-08,213
646,2019-10-09,201
647,2019-10-10,220
648,2019-10-11,230
649,2019-10-12,254
650,2019-10-13,166
651,2019-10-14,197
652,2019-10-15,199
653,2019-10-16,220
654,2019-10-17,182
655,2019-10-18,240
656,2019-10-19,238
657,2019-10-20,147
658,2019-10-21,192
659,2019-10-22,188
660,2019-10-23,237
661,2019-10-24,214
662,2019-10-25,227
663,2019-10-26,262
664,2019-10-27,152
665,2019-10-28,189
666,2019-10-29,181
667,2019-10-30,206
668,2019-10-31,220
669,2019-11-01,240
670,2019-11-02,244
671,2019-11-03,179
672,2019-11-04,191
673,2019-11-05,190
674,2019-11-06,251
675,2019-11-07,249
676,2019-11-08,225
677,2019-11-09,257
678,2019-11-10,173
679,2019-11-11,218
680,2019-11-12,201
681,2019-11-13,196
682,2019-11-14,238
683,2019-11-15,249
684,2019-11-16,279
685,2019-11-17,178
686,2019-11-18,207
687,2019-11-19,223
688,2019-11-20,244
689,2019-11-21,254
690,2019-11-22,245
691,2019-11-23,243
692,2019-11-24,183
693,2019-11-25,193
694,2019-11-26,213
695,2019-11-27,236
696,2019-11-28,252
697,2019-11-29,239
698,2019-11-30,252
699,2019-12-01,122
700,2019-12-02,158
701,2019-12-03,138
702,2019-12-04,165
703,2019-12-05,179
704,2019-12-06,189
705,2019-12-07,172
706,2019-12-08,135
707,2019-12-09,132
708,2019-12-10,143
709,2019-12-11,153
710,2019-12-12,155
711,2019-12-13,175
712,2019-12-14,185
713,2019-12-15,137
714,2019-12-16,147
715,2019-12-17,163
716,2019-12-18,148
717,2019-12-19,154
718,2019-12-20,176
719,2019-12-21,190
720,2019-12-22,127
721,2019-12-23,162
722,2019-12-24,170
723,2019-12-25,170
724,2019-12-26,156
725,2019-12-27,187
726,2019-12-28,201
727,2019-12-29,131
728,2019-12-30,150
729,2019-12-31,140
730,2020-01-01,143
731,2020-01-02,156
732,2020-01-03,165
733,2020-01-04,186
734,2020-01-05,112
735,2020-01-06,131
736,2020-01-07,135
737,2020-01-08,143
738,2020-01-09,172
739,2020-01-10,168
740,2020-01-11,201
741,2020-01-12,112
742,2020-01-13,135
743,2020-01-14,130
744,2020-01-15,111
745,2020-01-16,143
746,2020-01-17,180
747,2020-01-18,179
748,2020-01-19,119
749,2020-01-20,131
750,2020-01-21,147
751,2020-01-22,126
752,2020-01-23,182
753,2020-01-24,186
754,2020-01-25,181
755,2020-01-26,124
756,2020-01-27,136
757,2020-01-28,134
758,2020-01-29,135
759,2020-01-30,160
760,2020-01-31,163
761,2020-02-01,205
762,2020-02-02,116
763,2020-02-03,152
764,2020-02-04,152
765,2020-02-05,178
766,2020-02-06,157
767,2020-02-07,187
768,2020-02-08,185
769,2020-02-09,152
770,2020-02-10,136
771,2020-02-11,156
772,2020-02-12,181
773,2020-02-13,160
774,2020-02-14,196
775,2020-02-15,204
776,2020-02-16,145
777,2020-02-17,155
778,2020-02-18,129
779,2020-02-19,164
780,2020-02-20,182
781,2020-02-21,203
782,2020-02-22,223
783,2020-02-23,130
784,2020-02-24,127
785,2020-02-25,154
786,2020-02-26,152
787,2020-02-27,169
788,2020-02-28,183
789,2020-03-01,240
790,2020-03-02,158
791,2020-03-03,172
792,2020-03-04,188
793,2020-03-05,190
794,2020-03-06,218
795,2020-03-07,216
796,2020-03-08,233
797,2020-03-09,149
798,2020-03-10,192
799,2020-03-11,203
800,2020-03-12,215
801,2020-03-13,223
802,2020-03-14,219
803,2020-03-15,229
804,2020-03-16,151
805,2020-03-17,163
806,2020-03-18,178
807,2020-03-19,178
808,2020-03-20,213
809,2020-03-21,234
810,2020-03-22,251
811,2020-03-23,147
812,2020-03-24,187
813,2020-03-25,181
814,2020-03-26,180
815,2020-03-27,212
816,2020-03-28,236
817,2020-03-29,239
818,2020-03-30,142
819,2020-03-31,184
820,2020-04-01,204
821,2020-04-02,221
822,2020-04-03,291
823,2020-04-04,286
824,2020-04-05,248
825,2020-04-06,202
826,2020-04-07,213
827,2020-04-08,223
828,2020-04-09,224
829,2020-04-10,242
830,2020-04-11,284
831,2020-04-12,293
832,2020-04-13,185
833,2020-04-14,241
834,2020-04-15,222
835,2020-04-16,224
836,2020-04-17,250
837,2020-04-18,258
838,2020-04-19,271
839,2020-04-20,166
840,2020-04-21,213
841,2020-04-22,216
842,2020-04-23,223
843,2020-04-24,242
844,2020-04-25,281
845,2020-04-26,295
846,2020-04-27,167
847,2020-04-28,210
848,2020-04-29,210
849,2020-04-30,255
850,2020-05-01,258
851,2020-05-02,307
852,2020-05-03,300
853,2020-05-04,186
854,2020-05-05,266
855,2020-05-06,242
856,2020-05-07,247
857,2020-05-08,233
858,2020-05-09,281
859,2020-05-10,301
860,2020-05-11,197
861,2020-05-12,231
862,2020-05-13,211
863,2020-05-14,243
864,2020-05-15,271
865,2020-05-16,267
866,2020-05-17,296
867,2020-05-18,184
868,2020-05-19,223
869,2020-05-20,228
870,2020-05-21,240
871,2020-05-22,279
872,2020-05-23,277
873,2020-05-24,273
874,2020-05-25,207
875,2020-05-26,236
876,2020-05-27,221
877,2020-05-28,235
878,2020-05-29,260
879,2020-05-30,280
880,2020-05-31,278
881,2020-06-01,240
882,2020-06-02,232
883,2020-06-03,258
884,2020-06-04,284
885,2020-06-05,289
886,2020-06-06,315
887,2020-06-07,327
888,2020-06-08,191
889,2020-06-09,258
890,2020-06-10,247
891,2020-06-11,259
892,2020-06-12,270
893,2020-06-13,304
894,2020-06-14,348
895,2020-06-15,197
896,2020-06-16,243
897,2020-06-17,247
898,2020-06-18,278
899,2020-06-19,278
900,2020-06-20,315
901,2020-06-21,307
902,2020-06-22,193
903,2020-06-23,262
904,2020-06-24,239
905,2020-06-25,257
906,2020-06-26,284
907,2020-06-27,290
908,2020-06-28,326
909,2020-06-29,221
910,2020-06-30,233
911,2020-07-01,255
912,2020-07-02,293
913,2020-07-03,300
914,2020-07-04,317
915,2020-07-05,347
916,2020-07-06,233
917,2020-07-07,282
918,2020-07-08,256
919,2020-07-09,304
920,2020-07-10,292
921,2020-07-11,308
922,2020-07-12,325
923,2020-07-13,236
924,2020-07-14,247
925,2020-07-15,263
926,2020-07-16,306
927,2020-07-17,320
928,2020-07-18,335
929,2020-07-19,348
930,2020-07-20,214
931,2020-07-21,285
932,2020-07-22,233
933,2020-07-23,281
934,2020-07-24,263
935,2020-07-25,319
936,2020-07-26,334
937,2020-07-27,221
938,2020-07-28,275
939,2020-07-29,250
940,2020-07-30,328
941,2020-07-31,268
942,2020-08-01,253
943,2020-08-02,276
944,2020-08-03,205
945,2020-08-04,224
946,2020-08-05,245
947,2020-08-06,258
948,2020-08-07,235
949,2020-08-08,266
950,2020-08-09,347
951,2020-08-10,202
952,2020-08-11,253
953,2020-08-12,223
954,2020-08-13,252
955,2020-08-14,254
956,2020-08-15,285
957,2020-08-16,318
958,2020-08-17,219
959,2020-08-18,224
960,2020-08-19,228
961,2020-08-20,249
962,2020-08-21,287
963,2020-08-22,295
964,2020-08-23,270
965,2020-08-24,202
966,2020-08-25,209
967,2020-08-26,205
968,2020-08-27,242
969,2020-08-28,275
970,2020-08-29,251
971,2020-08-30,325
972,2020-08-31,193
973,2020-09-01,241
974,2020-09-02,237
975,2020-09-03,233
976,2020-09-04,239
977,2020-09-05,284
978,2020-09-06,262
979,2020-09-07,186
980,2020-09-08,221
981,2020-09-09,190
982,2020-09-10,226
983,2020-09-11,240
984,2020-09-12,249
985,2020-09-13,288
986,2020-09-14,207
987,2020-09-15,233
988,2020-09-16,230
989,2020-09-17,217
990,2020-09-18,247
991,2020-09-19,271
992,2020-09-20,266
993,2020-09-21,194
994,2020-09-22,213
995,2020-09-23,216
996,2020-09-24,221
997,2020-09-25,248
998,2020-09-26,254
999,2020-09-27,283
1000,2020-09-28,192
1001,2020-09-29,216
1002,2020-09-30,207
1003,2020-10-01,211
1004,2020-10-02,210
1005,2020-10-03,240
1006,2020-10-04,245
1007,2020-10-05,157
1008,2020-10-06,195
1009,2020-10-07,184
1010,2020-10-08,218
1011,2020-10-09,213
1012,2020-10-10,237
1013,2020-10-11,251
1014,2020-10-12,152
1015,2020-10-13,228
1016,2020-10-14,186
1017,2020-10-15,182
1018,2020-10-16,205
1019,2020-10-17,239
1020,2020-10-18,261
1021,2020-10-19,139
1022,2020-10-20,192
1023,2020-10-21,194
1024,2020-10-22,248
1025,2020-10-23,245
1026,2020-10-24,228
1027,2020-10-25,280
1028,2020-10-26,192
1029,2020-10-27,210
1030,2020-10-28,205
1031,2020-10-29,218
1032,2020-10-30,220
1033,2020-10-31,259
1034,2020-11-01,263
1035,2020-11-02,179
1036,2020-11-03,214
1037,2020-11-04,234
1038,2020-11-05,215
1039,2020-11-06,258
1040,2020-11-07,242
1041,2020-11-08,297
1042,2020-11-09,170
1043,2020-11-10,181
1044,2020-11-11,222
1045,2020-11-12,250
1046,2020-11-13,263
1047,2020-11-14,260
1048,2020-11-15,292
1049,2020-11-16,195
1050,2020-11-17,254
1051,2020-11-18,222
1052,2020-11-19,233
1053,2020-11-20,266
1054,2020-11-21,249
1055,2020-11-22,293
1056,2020-11-23,211
1057,2020-11-24,233
1058,2020-11-25,195
1059,2020-11-26,217
1060,2020-11-27,263
1061,2020-11-28,284
1062,2020-11-29,287
1063,2020-11-30,160
1064,2020-12-01,138
1065,2020-12-02,161
1066,2020-12-03,160
1067,2020-12-04,169
1068,2020-12-05,155
1069,2020-12-06,184
1070,2020-12-07,145
1071,2020-12-08,140
1072,2020-12-09,144
1073,2020-12-10,157
1074,2020-12-11,186
1075,2020-12-12,181
1076,2020-12-13,176
1077,2020-12-14,124
1078,2020-12-15,150
1079,2020-12-16,172
1080,2020-12-17,136
1081,2020-12-18,191
1082,2020-12-19,188
1083,2020-12-20,158
1084,2020-12-21,137
1085,2020-12-22,141
1086,2020-12-23,152
1087,2020-12-24,160
1088,2020-12-25,186
1089,2020-12-26,153
1090,2020-12-27,205
1091,2020-12-28,113
1092,2020-12-29,155
1093,2020-12-30,172
1094,2020-12-31,163
1095,2021-01-01,182
1096,2021-01-02,189
1097,2021-01-03,214
1098,2021-01-04,145
1099,2021-01-05,155
1100,2021-01-06,152
1101,2021-01-07,135
1102,2021-01-08,165
1103,2021-01-09,180
1104,2021-01-10,183
1105,2021-01-11,132
1106,2021-01-12,138
1107,2021-01-13,141
1108,2021-01-14,173
1109,2021-01-15,179
1110,2021-01-16,163
1111,2021-01-17,190
1112,2021-01-18,130
1113,2021-01-19,136
1114,2021-01-20,146
1115,2021-01-21,139
1116,2021-01-22,166
1117,2021-01-23,188
1118,2021-01-24,166
1119,2021-01-25,143
1120,2021-01-26,155
1121,2021-01-27,149
1122,2021-01-28,155
1123,2021-01-29,181
1124,2021-01-30,177
1125,2021-01-31,161
1126,2021-02-01,130
1127,2021-02-02,171
1128,2021-02-03,170
1129,2021-02-04,188
1130,2021-02-05,185
1131,2021-02-06,193
1132,2021-02-07,237
1133,2021-02-08,138
1134,2021-02-09,176
1135,2021-02-10,179
1136,2021-02-11,174
1137,2021-02-12,190
1138,2021-02-13,199
1139,2021-02-14,200
1140,2021-02-15,134
1141,2021-02-16,178
1142,2021-02-17,172
1143,2021-02-18,180
1144,2021-02-19,213
1145,2021-02-20,213
1146,2021-02-21,185
1147,2021-02-22,136
1148,2021-02-23,151
1149,2021-02-24,170
1150,2021-02-25,174
1151,2021-02-26,192
1152,2021-02-27,195
1153,2021-02-28,337
1154,2021-03-01,209
1155,2021-03-02,188
1156,2021-03-03,220
1157,2021-03-04,217
1158,2021-03-05,269
1159,2021-03-06,256
1160,2021-03-07,171
1161,2021-03-08,181
1162,2021-03-09,208
1163,2021-03-10,204
1164,2021-03-11,215
1165,2021-03-12,246
1166,2021-03-13,247
1167,2021-03-14,162
1168,2021-03-15,179
1169,2021-03-16,211
1170,2021-03-17,209
1171,2021-03-18,222
1172,2021-03-19,261
1173,2021-03-20,235
1174,2021-03-21,181
1175,2021-03-22,212
1176,2021-03-23,201
1177,2021-03-24,183
1178,2021-03-25,241
1179,2021-03-26,236
1180,2021-03-27,263
1181,2021-03-28,185
1182,2021-03-29,229
1183,2021-03-30,201
1184,2021-03-31,182
1185,2021-04-01,282
1186,2021-04-02,261
1187,2021-04-03,310
1188,2021-04-04,198
1189,2021-04-05,231
1190,2021-04-06,231
1191,2021-04-07,232
1192,2021-04-08,268
1193,2021-04-09,303
1194,2021-04-10,316
1195,2021-04-11,217
1196,2021-04-12,242
1197,2021-04-13,239
1198,2021-04-14,263
1199,2021-04-15,265
1200,2021-04-16,292
1201,2021-04-17,298
1202,2021-04-18,195
1203,2021-04-19,232
1204,2021-04-20,250
1205,2021-04-21,252
1206,2021-04-22,240
1207,2021-04-23,275
1208,2021-04-24,316
1209,2021-04-25,204
1210,2021-04-26,230
1211,2021-04-27,222
1212,2021-04-28,255
1213,2021-04-29,278
1214,2021-04-30,300
1215,2021-05-01,322
1216,2021-05-02,201
1217,2021-05-03,258
1218,2021-05-04,258
1219,2021-05-05,269
1220,2021-05-06,294
1221,2021-05-07,283
1222,2021-05-08,311
1223,2021-05-09,222
1224,2021-05-10,255
1225,2021-05-11,239
1226,2021-05-12,241
1227,2021-05-13,302
1228,2021-05-14,323
1229,2021-05-15,335
1230,2021-05-16,212
1231,2021-05-17,235
1232,2021-05-18,237
1233,2021-05-19,270
1234,2021-05-20,295
1235,2021-05-21,296
1236,2021-05-22,308
1237,2021-05-23,199
1238,2021-05-24,266
1239,2021-05-25,246
1240,2021-05-26,230
1241,2021-05-27,283
1242,2021-05-28,294
1243,2021-05-29,340
1244,2021-05-30,190
1245,2021-05-31,226
1246,2021-06-01,253
1247,2021-06-02,280
1248,2021-06-03,304
1249,2021-06-04,312
1250,2021-06-05,363
1251,2021-06-06,252
1252,2021-06-07,258
1253,2021-06-08,252
1254,2021-06-09,259
1255,2021-06-10,326
1256,2021-06-11,318
1257,2021-06-12,358
1258,2021-06-13,250
1259,2021-06-14,262
1260,2021-06-15,272
1261,2021-06-16,273
1262,2021-06-17,325
1263,2021-06-18,339
1264,2021-06-19,320
1265,2021-06-20,232
1266,2021-06-21,299
1267,2021-06-22,260
1268,2021-06-23,307
1269,2021-06-24,342
1270,2021-06-25,366
1271,2021-06-26,334
1272,2021-06-27,235
1273,2021-06-28,314
1274,2021-06-29,292
1275,2021-06-30,294
1276,2021-07-01,331
1277,2021-07-02,332
1278,2021-07-03,387
1279,2021-07-04,267
1280,2021-07-05,306
1281,2021-07-06,290
1282,2021-07-07,308
1283,2021-07-08,365
1284,2021-07-09,381
1285,2021-07-10,381
1286,2021-07-11,259
1287,2021-07-12,240
1288,2021-07-13,302
1289,2021-07-14,293
1290,2021-07-15,325
1291,2021-07-16,351
1292,2021-07-17,342
1293,2021-07-18,225
1294,2021-07-19,290
1295,2021-07-20,302
1296,2021-07-21,318
1297,2021-07-22,292
1298,2021-07-23,327
1299,2021-07-24,350
1300,2021-07-25,242
1301,2021-07-26,296
1302,2021-07-27,285
1303,2021-07-28,326
1304,2021-07-29,310
1305,2021-07-30,355
1306,2021-07-31,380
1307,2021-08-01,218
1308,2021-08-02,265
1309,2021-08-03,229
1310,2021-08-04,282
1311,2021-08-05,282
1312,2021-08-06,298
1313,2021-08-07,305
1314,2021-08-08,240
1315,2021-08-09,237
1316,2021-08-10,231
1317,2021-08-11,250
1318,2021-08-12,271
1319,2021-08-13,297
1320,2021-08-14,328
1321,2021-08-15,202
1322,2021-08-16,228
1323,2021-08-17,245
1324,2021-08-18,273
1325,2021-08-19,249
1326,2021-08-20,270
1327,2021-08-21,302
1328,2021-08-22,200
1329,2021-08-23,266
1330,2021-08-24,271
1331,2021-08-25,253
1332,2021-08-26,308
1333,2021-08-27,314
1334,2021-08-28,337
1335,2021-08-29,223
1336,2021-08-30,231
1337,2021-08-31,271
1338,2021-09-01,275
1339,2021-09-02,251
1340,2021-09-03,285
1341,2021-09-04,286
1342,2021-09-05,202
1343,2021-09-06,236
1344,2021-09-07,212
1345,2021-09-08,246
1346,2021-09-09,227
1347,2021-09-10,275
1348,2021-09-11,268
1349,2021-09-12,211
1350,2021-09-13,239
1351,2021-09-14,225
1352,2021-09-15,209
1353,2021-09-16,272
1354,2021-09-17,272
1355,2021-09-18,292
1356,2021-09-19,185
1357,2021-09-20,254
1358,2021-09-21,237
1359,2021-09-22,248
1360,2021-09-23,258
1361,2021-09-24,278
1362,2021-09-25,300
1363,2021-09-26,204
1364,2021-09-27,249
1365,2021-09-28,241
1366,2021-09-29,248
1367,2021-09-30,282
1368,2021-10-01,221
1369,2021-10-02,261
1370,2021-10-03,181
1371,2021-10-04,221
1372,2021-10-05,219
1373,2021-10-06,241
1374,2021-10-07,252
1375,2021-10-08,280
1376,2021-10-09,275
1377,2021-10-10,184
1378,2021-10-11,252
1379,2021-10-12,207
1380,2021-10-13,247
1381,2021-10-14,255
1382,2021-10-15,275
1383,2021-10-16,270
1384,2021-10-17,194
1385,2021-10-18,209
1386,2021-10-19,202
1387,2021-10-20,241
1388,2021-10-21,269
1389,2021-10-22,263
1390,2021-10-23,239
1391,2021-10-24,194
1392,2021-10-25,199
1393,2021-10-26,198
1394,2021-10-27,228
1395,2021-10-28,229
1396,2021-10-29,273
1397,2021-10-30,251
1398,2021-10-31,201
1399,2021-11-01,226
1400,2021-11-02,242
1401,2021-11-03,233
1402,2021-11-04,250
1403,2021-11-05,297
1404,2021-11-06,305
1405,2021-11-07,195
1406,2021-11-08,220
1407,2021-11-09,217
1408,2021-11-10,252
1409,2021-11-11,264
1410,2021-11-12,274
1411,2021-11-13,313
1412,2021-11-14,200
1413,2021-11-15,238
1414,2021-11-16,213
1415,2021-11-17,220
1416,2021-11-18,246
1417,2021-11-19,272
1418,2021-11-20,283
1419,2021-11-21,210
1420,2021-11-22,217
1421,2021-11-23,216
1422,2021-11-24,252
1423,2021-11-25,255
1424,2021-11-26,273
1425,2021-11-27,258
1426,2021-11-28,196
1427,2021-11-29,268
1428,2021-11-30,229
1429,2021-12-01,171
1430,2021-12-02,187
1431,2021-12-03,223
1432,2021-12-04,229
1433,2021-12-05,181
1434,2021-12-06,149
1435,2021-12-07,183
1436,2021-12-08,174
1437,2021-12-09,196
1438,2021-12-10,191
1439,2021-12-11,211
1440,2021-12-12,132
1441,2021-12-13,169
1442,2021-12-14,166
1443,2021-12-15,158
1444,2021-12-16,193
1445,2021-12-17,202
1446,2021-12-18,213
1447,2021-12-19,172
1448,2021-12-20,165
1449,2021-12-21,160
1450,2021-12-22,184
1451,2021-12-23,179
1452,2021-12-24,199
1453,2021-12-25,224
1454,2021-12-26,150
1455,2021-12-27,159
1456,2021-12-28,158
1457,2021-12-29,186
1458,2021-12-30,220
1459,2021-12-31,194
1460,2022-01-01,205
1461,2022-01-02,139
1462,2022-01-03,141
1463,2022-01-04,155
1464,2022-01-05,175
1465,2022-01-06,198
1466,2022-01-07,190
1467,2022-01-08,173
1468,2022-01-09,150
1469,2022-01-10,164
1470,2022-01-11,162
1471,2022-01-12,171
1472,2022-01-13,175
1473,2022-01-14,197
1474,2022-01-15,212
1475,2022-01-16,135
1476,2022-01-17,165
1477,2022-01-18,172
1478,2022-01-19,179
1479,2022-01-20,204
1480,2022-01-21,173
1481,2022-01-22,187
1482,2022-01-23,127
1483,2022-01-24,155
1484,2022-01-25,133
1485,2022-01-26,155
1486,2022-01-27,179
1487,2022-01-28,179
1488,2022-01-29,206
1489,2022-01-30,134
1490,2022-01-31,146
1491,2022-02-01,176
1492,2022-02-02,171
1493,2022-02-03,208
1494,2022-02-04,207
1495,2022-02-05,239
1496,2022-02-06,141
1497,2022-02-07,171
1498,2022-02-08,189
1499,2022-02-09,185
1500,2022-02-10,205
1501,2022-02-11,230
1502,2022-02-12,228
1503,2022-02-13,152
1504,2022-02-14,181
1505,2022-02-15,185
1506,2022-02-16,173
1507,2022-02-17,179
1508,2022-02-18,202
1509,2022-02-19,242
1510,2022-02-20,134
1511,2022-02-21,177
1512,2022-02-22,157
1513,2022-02-23,194
1514,2022-02-24,211
1515,2022-02-25,224
1516,2022-02-26,218
1517,2022-02-27,145
1518,2022-02-28,175
1519,2022-03-01,214
1520,2022-03-02,204
1521,2022-03-03,255
1522,2022-03-04,241
1523,2022-03-05,262
1524,2022-03-06,168
1525,2022-03-07,171
1526,2022-03-08,202
1527,2022-03-09,208
1528,2022-03-10,231
1529,2022-03-11,260
1530,2022-03-12,256
1531,2022-03-13,180
1532,2022-03-14,214
1533,2022-03-15,221
1534,2022-03-16,210
1535,2022-03-17,242
1536,2022-03-18,259
1537,2022-03-19,243
1538,2022-03-20,166
1539,2022-03-21,200
1540,2022-03-22,233
1541,2022-03-23,203
1542,2022-03-24,221
1543,2022-03-25,213
1544,2022-03-26,242
1545,2022-03-27,181
1546,2022-03-28,207
1547,2022-03-29,181
1548,2022-03-30,227
1549,2022-03-31,229
1550,2022-04-01,294
1551,2022-04-02,290
1552,2022-04-03,196
1553,2022-04-04,226
1554,2022-04-05,248
1555,2022-04-06,251
1556,2022-04-07,281
1557,2022-04-08,307
1558,2022-04-09,300
1559,2022-04-10,220
1560,2022-04-11,255
1561,2022-04-12,238
1562,2022-04-13,252
1563,2022-04-14,270
1564,2022-04-15,314
1565,2022-04-16,319
1566,2022-04-17,192
1567,2022-04-18,244
1568,2022-04-19,262
1569,2022-04-20,260
1570,2022-04-21,277
1571,2022-04-22,309
1572,2022-04-23,310
1573,2022-04-24,211
1574,2022-04-25,244
1575,2022-04-26,252
1576,2022-04-27,252
1577,2022-04-28,272
1578,2022-04-29,286
1579,2022-04-30,295
1580,2022-05-01,228
1581,2022-05-02,250
1582,2022-05-03,273
1583,2022-05-04,278
1584,2022-05-05,296
1585,2022-05-06,304
1586,2022-05-07,351
1587,2022-05-08,238
1588,2022-05-09,252
1589,2022-05-10,233
1590,2022-05-11,245
1591,2022-05-12,288
1592,2022-05-13,308
1593,2022-05-14,335
1594,2022-05-15,225
1595,2022-05-16,264
1596,2022-05-17,242
1597,2022-05-18,305
1598,2022-05-19,312
1599,2022-05-20,297
1600,2022-05-21,322
1601,2022-05-22,212
1602,2022-05-23,266
1603,2022-05-24,263
1604,2022-05-25,283
1605,2022-05-26,272
1606,2022-05-27,333
1607,2022-05-28,342
1608,2022-05-29,234
1609,2022-05-30,265
1610,2022-05-31,245
1611,2022-06-01,310
1612,2022-06-02,285
1613,2022-06-03,325
1614,2022-06-04,333
1615,2022-06-05,233
1616,2022-06-06,285
1617,2022-06-07,276
1618,2022-06-08,274
1619,2022-06-09,331
1620,2022-06-10,333
1621,2022-06-11,380
1622,2022-06-12,218
1623,2022-06-13,281
1624,2022-06-14,284
1625,2022-06-15,315
1626,2022-06-16,293
1627,2022-06-17,349
1628,2022-06-18,357
1629,2022-06-19,257
1630,2022-06-20,264
1631,2022-06-21,287
1632,2022-06-22,299
1633,2022-06-23,301
1634,2022-06-24,312
1635,2022-06-25,358
1636,2022-06-26,226
1637,2022-06-27,253
1638,2022-06-28,313
1639,2022-06-29,291
1640,2022-06-30,307
1641,2022-07-01,359
1642,2022-07-02,370
1643,2022-07-03,255
1644,2022-07-04,319
1645,2022-07-05,293
1646,2022-07-06,298
1647,2022-07-07,355
1648,2022-07-08,331
1649,2022-07-09,376
1650,2022-07-10,263
1651,2022-07-11,317
1652,2022-07-12,301
1653,2022-07-13,292
1654,2022-07-14,361
1655,2022-07-15,352
1656,2022-07-16,375
1657,2022-07-17,251
1658,2022-07-18,295
1659,2022-07-19,294
1660,2022-07-20,337
1661,2022-07-21,317
1662,2022-07-22,381
1663,2022-07-23,364
1664,2022-07-24,260
1665,2022-07-25,316
1666,2022-07-26,299
1667,2022-07-27,318
1668,2022-07-28,337
1669,2022-07-29,353
1670,2022-07-30,364
1671,2022-07-31,257
1672,2022-08-01,253
1673,2022-08-02,235
1674,2022-08-03,277
1675,2022-08-04,294
1676,2022-08-05,324
1677,2022-08-06,307
1678,2022-08-07,237
1679,2022-08-08,266
1680,2022-08-09,278
1681,2022-08-10,259
1682,2022-08-11,298
1683,2022-08-12,326
1684,2022-08-13,297
1685,2022-08-14,205
1686,2022-08-15,257
1687,2022-08-16,281
1688,2022-08-17,282
1689,2022-08-18,269
1690,2022-08-19,303
1691,2022-08-20,329
1692,2022-08-21,214
1693,2022-08-22,285
1694,2022-08-23,247
1695,2022-08-24,262
1696,2022-08-25,310
1697,2022-08-26,337
1698,2022-08-27,293
1699,2022-08-28,228
1700,2022-08-29,243
1701,2022-08-30,276
1702,2022-08-31,276
1703,2022-09-01,279
1704,2022-09-02,275
1705,2022-09-03,310
1706,2022-09-04,198
1707,2022-09-05,230
1708,2022-09-06,232
1709,2022-09-07,271
1710,2022-09-08,298
1711,2022-09-09,305
1712,2022-09-10,305
1713,2022-09-11,218
1714,2022-09-12,240
1715,2022-09-13,245
1716,2022-09-14,287
1717,2022-09-15,262
1718,2022-09-16,283
1719,2022-09-17,324
1720,2022-09-18,212
1721,2022-09-19,257
1722,2022-09-20,254
1723,2022-09-21,275
1724,2022-09-22,256
1725,2022-09-23,272
1726,2022-09-24,296
1727,2022-09-25,214
1728,2022-09-26,222
1729,2022-09-27,249
1730,2022-09-28,235
1731,2022-09-29,270
1732,2022-09-30,269
1733,2022-10-01,300
1734,2022-10-02,195
1735,2022-10-03,244
1736,2022-10-04,222
1737,2022-10-05,264
1738,2022-10-06,283
1739,2022-10-07,276
1740,2022-10-08,295
1741,2022-10-09,185
1742,2022-10-10,234
1743,2022-10-11,254
1744,2022-10-12,251
1745,2022-10-13,281
1746,2022-10-14,282
1747,2022-10-15,280
1748,2022-10-16,176
1749,2022-10-17,224
1750,2022-10-18,210
1751,2022-10-19,234
1752,2022-10-20,269
1753,2022-10-21,287
1754,2022-10-22,309
1755,2022-10-23,199
1756,2022-10-24,217
1757,2022-10-25,216
1758,2022-10-26,230
1759,2022-10-27,228
1760,2022-10-28,277
1761,2022-10-29,289
1762,2022-10-30,205
1763,2022-10-31,204
1764,2022-11-01,234
1765,2022-11-02,258
1766,2022-11-03,255
1767,2022-11-04,317
1768,2022-11-05,287
1769,2022-11-06,219
1770,2022-11-07,232
1771,2022-11-08,219
1772,2022-11-09,258
1773,2022-11-10,241
1774,2022-11-11,304
1775,2022-11-12,275
1776,2022-11-13,206
1777,2022-11-14,246
1778,2022-11-15,207
1779,2022-11-16,268
1780,2022-11-17,278
1781,2022-11-18,307
1782,2022-11-19,314
1783,2022-11-20,204
1784,2022-11-21,253
1785,2022-11-22,241
1786,2022-11-23,268
1787,2022-11-24,294
1788,2022-11-25,282
1789,2022-11-26,294
1790,2022-11-27,186
1791,2022-11-28,213
1792,2022-11-29,246
1793,2022-11-30,270
1794,2022-12-01,190
1795,2022-12-02,218
1796,2022-12-03,226
1797,2022-12-04,127
1798,2022-12-05,173
1799,2022-12-06,177
1800,2022-12-07,162
1801,2022-12-08,191
1802,2022-12-09,234
1803,2022-12-10,224
1804,2022-12-11,150
1805,2022-12-12,173
1806,2022-12-13,162
1807,2022-12-14,189
1808,2022-12-15,198
1809,2022-12-16,213
1810,2022-12-17,215
1811,2022-12-18,158
1812,2022-12-19,162
1813,2022-12-20,165
1814,2022-12-21,178
1815,2022-12-22,197
1816,2022-12-23,190
1817,2022-12-24,234
1818,2022-12-25,136
1819,2022-12-26,165
1820,2022-12-27,154
1821,2022-12-28,178
1822,2022-12-29,207
1823,2022-12-30,236
1824,2022-12-31,227
